Bioguide,screen_name,campaign,platform,platform_id,followers,tweets
R000600,aumuaamata,0,facebook,,,
Y000064,senatortoddyoung,0,facebook,,,
E000295,senjoniernst,0,facebook,,,
T000476,senatorthomtillis,0,facebook,,,
Y000062,214258646163,0,facebook,,,
Y000033,repdonyoung,0,facebook,,,
W000809,repstevewomack,0,facebook,,,
W000808,repwilson,0,facebook,,,
W000806,repwebster,0,facebook,,,
W000805,markrwarner,0,facebook,,,
W000804,reprobwittman,0,facebook,,,
W000802,senatorwhitehouse,0,facebook,,,
W000800,peterwelch,0,facebook,,,
W000798,repwalberg,0,facebook,,,
W000797,repdws,0,facebook,,,
W000795,joewilson,0,facebook,,,
W000791,repgregwalden,0,facebook,,,
W000437,senatorwicker,0,facebook,,,
W000187,maxinewaters,0,facebook,,,
V000128,chrisvanhollen,0,facebook,,,
V000108,repvisclosky,0,facebook,,,
V000081,8037068318,0,facebook,,,
U000039,senatortomudall,0,facebook,,,
U000031,repfredupton,0,facebook,,,
T000470,congressmanscotttipton,0,facebook,,,
T000469,reppaultonko,0,facebook,,,
T000468,congresswomantitus,0,facebook,,,
T000467,congressmangt,0,facebook,,,
T000464,senatortester,0,facebook,,,
T000463,repmiketurner,0,facebook,,,
T000461,senatortoomey,0,facebook,,,
T000460,repmikethompson,0,facebook,,,
T000238,repmacthornberry,0,facebook,,,
T000193,congressmanbenniegthompson,0,facebook,,,
S001189,repaustinscott,0,facebook,,,
S001187,116058275133542,0,facebook,,,
S001185,repsewell,0,facebook,,,
S001184,senatortimscott,0,facebook,,,
S001183,repdavidschweikert,0,facebook,,,
S001181,senatorshaheen,0,facebook,,,
S001180,repschrader,0,facebook,,,
S001177,153423912663,0,facebook,,,
S001176,repstevescalise,0,facebook,,,
S001175,jackiespeier,0,facebook,,,
S001165,81058818750,0,facebook,,,
S001157,113303673339,0,facebook,,,
S001156,congresswomanlindasanchez,0,facebook,,,
S001150,repadamschiff,0,facebook,,,
S001148,96007744606,0,facebook,,,
S001145,janschakowsky,0,facebook,,,
S001217,rickscottsenoffice,0,facebook,,,
S000770,senatorstabenow,0,facebook,,,
S000510,repadamsmith,0,facebook,,,
S000364,repshimkus,0,facebook,,,
S000344,63158229861,0,facebook,,,
S000320,richardshelby,0,facebook,,,
S000248,repjoseserrano,0,facebook,,,
S000244,repsensenbrenner,0,facebook,,,
S000185,repbobbyscott,0,facebook,,,
S000148,senschumer,0,facebook,,,
S000033,senatorsanders,0,facebook,,,
R000595,senatormarcorubio,0,facebook,,,
R000591,representative.martha.roby,0,facebook,,,
R000588,reprichmond,0,facebook,,,
R000585,reptomreed,0,facebook,,,
R000582,drphilroe,0,facebook,,,
R000577,timryan,0,facebook,,,
R000576,dutchrupp,0,facebook,,,
R000575,congressmanmikedrogers,0,facebook,,,
R000515,congressmanbobbyrush,0,facebook,,,
R000486,reproybalallard,0,facebook,,,
R000395,congressmanhalrogers,0,facebook,,,
R000307,senpatroberts,0,facebook,,,
R000122,senjackreed,0,facebook,,,
Q000023,repmikequigley,0,facebook,,,
P000603,senatorrandpaul,0,facebook,,,
P000601,stevenpalazzo,0,facebook,,,
P000599,bill.posey15,0,facebook,,,
P000597,chelliepingree,0,facebook,,,
P000595,sengarypeters,0,facebook,,,
P000593,repperlmutter,0,facebook,,,
P000523,repdavideprice,0,facebook,,,
P000449,senrobportman,0,facebook,,,
P000197,nancypelosi,0,facebook,,,
P000096,pascrell,0,facebook,,,
P000034,repfrankpallone,0,facebook,,,
O000168,rep.peteolson,0,facebook,,,
N000179,repgracenapolitano,0,facebook,,,
N000147,congresswomannorton,0,facebook,,,
N000015,reprichardneal,0,facebook,,,
N000002,congressmannadler,0,facebook,,,
M001183,joemanchiniii,0,facebook,,,
M001180,repmckinley,0,facebook,,,
M001177,81125319109,0,facebook,,,
M001176,jeffmerkley,0,facebook,,,
M001166,jerrymcnerney,0,facebook,,,
M001165,congressmankevinmccarthy,0,facebook,,,
M001163,doris.matsui,0,facebook,,,
M001160,gwensmoore,0,facebook,,,
M001159,mcmorrisrodgers,0,facebook,,,
M001158,repkennymarchant,0,facebook,,,
M001157,michaeltmccaul,0,facebook,,,
M001156,congressmanmchenry,0,facebook,,,
M001153,senlisamurkowski,0,facebook,,,
M001143,repbettymccollum,0,facebook,,,
M001137,gregorymeeksny05,0,facebook,,,
M000934,jerrymoran,0,facebook,,,
M000639,senatormenendez,0,facebook,,,
M000355,mitchmcconnell,0,facebook,,,
M000312,repjimmcgovern,0,facebook,,,
M000133,edjmarkey,0,facebook,,,
M000087,repcarolynmaloney,0,facebook,,,
L000577,senatormikelee,0,facebook,,,
L000576,rep.billy.long,0,facebook,,,
L000575,senatorlankford,0,facebook,,,
L000570,repbenraylujan,0,facebook,,,
L000569,blaineluetkemeyer,0,facebook,,,
L000566,boblatta,0,facebook,,,
L000565,daveloebsack,0,facebook,,,
L000564,congressmandouglamborn,0,facebook,,,
L000563,repdanlipinski,0,facebook,,,
L000562,repstephenlynch,0,facebook,,,
L000560,repricklarsen,0,facebook,,,
L000559,congressmanjimlangevin,0,facebook,,,
L000557,repjohnlarson,0,facebook,,,
L000551,repbarbaralee,0,facebook,,,
L000491,repfranklucas,0,facebook,,,
L000480,replowey,0,facebook,,,
L000397,zoelofgren,0,facebook,,,
L000287,repjohnlewis,0,facebook,,,
L000174,senatorpatrickleahy,0,facebook,,,
K000378,repkinzinger,0,facebook,,,
K000376,191056827594903,0,facebook,,,
K000375,congressman.keating,0,facebook,,,
K000362,stevekingia,0,facebook,,,
K000188,repronkind,0,facebook,,,
K000009,representativemarcykaptur,0,facebook,,,
J000293,senronjohnson,0,facebook,,,
J000292,repbilljohnson,0,facebook,,,
J000289,repjimjordan,0,facebook,,,
J000288,115356957005,0,facebook,,,
J000300,senatordougjones,0,facebook,,,
J000126,congresswomanebjtx30,0,facebook,,,
J000032,congresswomansheilajacksonlee,0,facebook,,,
I000024,jiminhofe,0,facebook,,,
H001061,senatorjohnhoeven,0,facebook,,,
H001058,rephuizenga,0,facebook,,,
H001056,herrerabeutler,0,facebook,,,
H001053,congresswoman.hartzler,0,facebook,,,
H001048,duncanhunter,0,facebook,,,
H001047,congressmanjimhimes,0,facebook,,,
H001046,martinheinrich,0,facebook,,,
H001042,senatorhirono,0,facebook,,,
H001038,repbrianhiggins,0,facebook,,,
H000874,whiphoyer,0,facebook,,,
H000324,95696782238,0,facebook,,,
G000568,repmorgangriffith,0,facebook,,,
G000565,repgosar,0,facebook,,,
G000563,repbobgibbs,0,facebook,,,
G000562,sencorygardner,0,facebook,,,
G000560,reptomgraves,0,facebook,,,
G000559,repgaramendi,0,facebook,,,
G000553,repalgreen,0,facebook,,,
G000552,50375006903,0,facebook,,,
G000551,rep.grijalva,0,facebook,,,
G000386,grassley,0,facebook,,,
G000377,repkaygranger,0,facebook,,,
G000359,ussenatorlindseygraham,0,facebook,,,
F000461,repbillflores,0,facebook,,,
F000459,repchuck,0,facebook,,,
F000455,repmarcialfudge,0,facebook,,,
F000450,repvirginiafoxx,0,facebook,,,
F000449,jefffortenberry,0,facebook,,,
F000062,senatorfeinstein,0,facebook,,,
E000285,mikeenzi,0,facebook,,,
E000215,repannaeshoo,0,facebook,,,
E000179,repeliotlengel,0,facebook,,,
D000616,scottdesjarlaistn04,0,facebook,,,
D000615,repjeffduncan,0,facebook,,,
D000614,repseanduffy,0,facebook,,,
D000610,congressmanteddeutch,0,facebook,,,
D000600,mdiazbalart,0,facebook,,,
D000563,senatordurbin,0,facebook,,,
D000482,usrepmikedoyle,0,facebook,,,
D000399,lloyddoggett,0,facebook,,,
D000216,congresswomanrosadelauro,0,facebook,,,
D000197,dianadegette,0,facebook,,,
D000191,reppeterdefazio,0,facebook,,,
C001088,senatorchriscoons,0,facebook,,,
C001087,reprickcrawford,0,facebook,,,
C001084,congressmandavidcicilline,0,facebook,,,
C001080,repjudychu,0,facebook,,,
C001078,congressmangerryconnolly,0,facebook,,,
C001072,congressmanandrecarson,0,facebook,,,
C001070,senatorbobcasey,0,facebook,,,
C001069,joecourtney,0,facebook,,,
C001068,congressmanstevecohen,0,facebook,,,
C001067,repyvettedclarke,0,facebook,,,
C001063,152569121550,0,facebook,,,
C001062,mike.conaway,0,facebook,,,
C001061,emanuelcleaverii,0,facebook,,,
C001059,repjimcosta,0,facebook,,,
C001056,sen.johncornyn,0,facebook,,,
C001053,tomcoleok04,0,facebook,,,
C001051,judgecarter,0,facebook,,,
C001049,109135405838588,0,facebook,,,
C001047,senshelley,0,facebook,,,
C001035,susancollins,0,facebook,,,
C000984,elijahcummings,0,facebook,,,
C000880,mikecrapo,0,facebook,,,
C000754,jimcooper,0,facebook,,,
C000537,jameseclyburn,0,facebook,,,
C000266,repstevechabot,0,facebook,,,
C000174,tomcarper,0,facebook,,,
C000141,senatorbencardin,0,facebook,,,
C000127,senatorcantwell,0,facebook,,,
C000059,70063393423,0,facebook,,,
B001277,senblumenthal,0,facebook,,,
B001275,replarrybucshon,0,facebook,,,
B001274,repmobrooks,0,facebook,,,
B001270,repkarenbass,0,facebook,,,
B001267,senbennetco,0,facebook,,,
B001261,johnbarrasso,0,facebook,,,
B001260,congressmanbuchanan,0,facebook,,,
B001257,gusbilirakis,0,facebook,,,
B001251,congressmangkbutterfield,0,facebook,,,
B001250,reprobbishop,0,facebook,,,
B001248,michaelcburgess,0,facebook,,,
B001243,marshablackburn,0,facebook,,,
B001236,johnboozman,0,facebook,,,
B001135,senatorrichardburr,0,facebook,,,
B000944,senatorsherrodbrown,0,facebook,,,
B000755,kevinbrady,0,facebook,,,
B000575,senatorblunt,0,facebook,,,
B000490,sanfordbishop,0,facebook,,,
A000367,repjustinamash,0,facebook,,,
A000360,senatorlamaralexander,0,facebook,,,
A000055,robertaderholt,0,facebook,,,
D000617,repdelbene,0,facebook,,,
B001278,congresswomanbonamici,0,facebook,,,
K000383,senatorangusskingjr,0,facebook,,,
A000369,markamodeinv2,0,facebook,,,
S001193,congressmanericswalwell,0,facebook,,,
M001190,repmullin,0,facebook,,,
K000379,301936109927957,0,facebook,,,
B001284,congresswomansusanwbrooks,0,facebook,,,
W000813,repjackiewalorski,0,facebook,,,
R000597,reptomrice,0,facebook,,,
M001188,repgracemeng,0,facebook,,,
M001185,repseanmaloney,0,facebook,,,
H001064,congressmandennyheck,0,facebook,,,
H001065,congressmangeorgeholding,0,facebook,,,
T000472,repmarktakano,0,facebook,,,
J000294,rephakeemjeffries,0,facebook,,,
J000295,repdavejoyce,0,facebook,,,
L000579,replowenthal,0,facebook,,,
C001093,representativedougcollins,0,facebook,,,
W000814,txrandy14,0,facebook,,,
K000381,derek.kilmer,0,facebook,,,
G000571,reptulsigabbard,0,facebook,,,
D000618,stevedainesmt,0,facebook,,,
Y000065,congressmantedyoho,0,facebook,,,
K000382,congresswomananniekuster,0,facebook,,,
K000380,repdankildee,0,facebook,,,
C001090,congressmanmattcartwright,0,facebook,,,
C001095,senatortomcotton,0,facebook,,,
B001286,repcheri,0,facebook,,,
B001287,repamibera,0,facebook,,,
F000454,congressmanbillfoster,0,facebook,,,
M001187,repmarkmeadows,0,facebook,,,
F000462,reploisfrankel,0,facebook,,,
H001067,reprichhudson,0,facebook,,,
V000131,congressmanmarcveasey,0,facebook,,,
V000132,uscongressmanfilemonvela,0,facebook,,,
P000605,repscottperry,0,facebook,,,
R000599,congressmanraulruizmd,0,facebook,,,
C001094,reppaulcook,0,facebook,,,
C001096,congressmankevincramer,0,facebook,,,
C001092,repchriscollins,0,facebook,,,
W000812,repannwagner,0,facebook,,,
W000817,senatorelizabethwarren,0,facebook,,,
D000619,reprodneydavis,0,facebook,,,
S001192,repchrisstewart,0,facebook,,,
B001282,repandybarr,0,facebook,,,
C001098,senatortedcruz,0,facebook,,,
D000096,congressmandkdavis,0,facebook,,,
G000546,118514606128,0,facebook,,,
B001230,senatortammybaldwin,0,facebook,,,
W000810,reprobwoodall,0,facebook,,,
W000816,reprogerwilliams,0,facebook,,,
D000598,repsusandavis,0,facebook,,,
D000622,senduckworth,0,facebook,,,
F000463,senatordebfischer,0,facebook,,,
H001068,rephuffman,0,facebook,,,
H001052,andyharrismd,0,facebook,,,
P000604,donaldpaynejr,0,facebook,,,
P000608,repscottpeters,0,facebook,,,
C001091,326420614138023,0,facebook,,,
W000815,repbradwenstrup,0,facebook,,,
S001191,congresswomansinema,0,facebook,,,
G000558,congressmanguthrie,0,facebook,,,
L000578,replamalfa,0,facebook,,,
C001066,usrepkathycastor,0,facebook,,,
C001097,repcardenas,0,facebook,,,
P000607,repmarkpocan,0,facebook,,,
V000130,repjuanvargas,0,facebook,,,
K000384,senatorkaine,0,facebook,,,
S001194,senbrianschatz,0,facebook,,,
S001168,repsarbanes,0,facebook,,,
B001285,repjuliabrownley,0,facebook,,,
M001184,repthomasmassie,0,facebook,,,
K000385,reprobinkelly,0,facebook,,,
G000555,senkirstengillibrand,0,facebook,,,
R000584,senatorjimrisch,0,facebook,,,
B001281,repjoycebeatty,0,facebook,,,
S001203,ussentinasmith,0,facebook,,,
S001195,repjasonsmith,0,facebook,,,
S000522,repchrissmith,0,facebook,,,
M001169,chrismurphyct,1,facebook,,,
C001101,congresswomanclark,0,facebook,,,
B001289,repbyrne,0,facebook,,,
N000189,repnewhouse,0,facebook,,,
R000601,repratcliffe,0,facebook,,,
L000583,reploudermilk,0,facebook,,,
C001103,congressmanbuddycarter,0,facebook,,,
B001295,repbost,0,facebook,,,
A000370,congresswomanadams,0,facebook,,,
M001194,repmoolenaar,0,facebook,,,
S001196,repelisestefanik,0,facebook,,,
R000603,reprouzer,0,facebook,,,
P000609,congressmangarypalmer,0,facebook,,,
E000294,reptomemmer,0,facebook,,,
A000374,congressmanralphabraham,0,facebook,,,
Z000017,repleezeldin,0,facebook,,,
K000386,repjohnkatko,0,facebook,,,
W000821,repwesterman,0,facebook,,,
H001072,repfrenchhill,0,facebook,,,
B001291,repbrianbabin,0,facebook,,,
M001195,congressmanalexmooney,0,facebook,,,
B001297,repkenbuck,0,facebook,,,
R000602,repkathleenrice,0,facebook,,,
D000624,repdebbiedingell,0,facebook,,,
T000474,repnormatorres,0,facebook,,,
S001197,senatorsasse,0,facebook,,,
S001198,sendansullivan,0,facebook,,,
A000372,congressmanrickallen,0,facebook,,,
R000605,senatormikerounds,0,facebook,,,
B001296,congressmanboyle,0,facebook,,,
H001071,congressmanjodyhice,0,facebook,,,
A000371,reppeteaguilar,0,facebook,,,
G000574,reprubengallego,0,facebook,,,
P000612,senatordavidperdue,0,facebook,,,
P000610,repstaceyplaskett,0,facebook,,,
W000822,repbonnie,0,facebook,,,
H001073,hurdonthehill,0,facebook,,,
L000582,reptedlieu,0,facebook,,,
G000577,congressmangarretgraves,0,facebook,,,
D000623,repmarkdesaulnier,0,facebook,,,
W000819,repmarkwalker,0,facebook,,,
M001196,congressmansethmoulton,0,facebook,,,
B001292,repdonbeyer,0,facebook,,,
G000576,repgrothman,0,facebook,,,
N000188,donaldnorcrossnj,0,facebook,,,
L000581,395759603917487,0,facebook,,,
K000388,reptrentkelly,0,facebook,,,
L000585,replahood,0,facebook,,,
B001299,repjimbanks,0,facebook,,,
D000627,representativevaldemings,0,facebook,,,
B001303,rep.bluntrochester,0,facebook,,,
R000606,repraskin,0,facebook,,,
P000613,repjimmypanetta,0,facebook,,,
C001111,repcharliecrist,0,facebook,,,
D000628,drnealdunnfl2,0,facebook,,,
B001300,congresswomanbarragan,0,facebook,,,
B001302,repandybiggs,0,facebook,,,
M001199,repbrianmast,0,facebook,,,
M001200,repmceachin,0,facebook,,,
D000626,congressmanwarrendavidson,0,facebook,,,
F000465,repdrewferguson,0,facebook,,,
G000581,uscongressmanvicentegonzalez,0,facebook,,,
G000583,repjoshg,0,facebook,,,
C001113,senatorcortezmasto,0,facebook,,,
K000389,reprokhanna,0,facebook,,,
G000582,repjenniffergonzalezcolon,0,facebook,,,
M001202,repstephmurphy,0,facebook,,,
H001074,reptrey,0,facebook,,,
A000375,jodeyarrington,0,facebook,,,
C001109,replizcheney,0,facebook,,,
C001112,repsaludcarbajal,0,facebook,,,
S001201,reptomsuozzi,0,facebook,,,
S001190,congressmanbradschneider,0,facebook,,,
B001305,reptedbudd,0,facebook,,,
J000298,repjayapal,0,facebook,,,
F000466,repbrianfitzpatrick,0,facebook,,,
O000171,repohalleran,0,facebook,,,
R000607,reprooney,0,facebook,,,
K000393,johnkennedylouisiana,0,facebook,,,
L000586,repallawsonjr,0,facebook,,,
M001201,reppaulmitchell,0,facebook,,,
K000391,congressmanraja,0,facebook,,,
H001076,senatorhassan,0,facebook,,,
E000297,repespaillat,0,facebook,,,
K000392,repdavidkustoff,0,facebook,,,
G000578,congressmanmattgaetz,0,facebook,,,
S001200,congressmandarrensoto,0,facebook,,,
B001301,repjackbergman,0,facebook,,,
G000579,repmikegallagher,0,facebook,,,
C001108,congressmancomer,0,facebook,,,
M001198,rogermarshallmd,0,facebook,,,
E000296,repdwightevans,0,facebook,,,
R000609,reprutherfordfl,0,facebook,,,
J000299,repmikejohnson,0,facebook,,,
R000608,repjackyrosen,0,facebook,,,
C001110,reploucorrea,0,facebook,,,
B001298,repdonbacon,0,facebook,,,
S001199,repsmucker,0,facebook,,,
H001075,senatorkamalaharris,0,facebook,,,
H001077,congressmanclayhiggins,0,facebook,,,
B001304,repanthonybrown,0,facebook,,,
E000298,repronestes,0,facebook,,,
G000585,repjimmygomez,0,facebook,,,
N000190,repralphnorman,0,facebook,,,
L000589,repdebbielesko,0,facebook,,,
C001114,repjohncurtis,0,facebook,,,
L000588,repconorlamb,0,facebook,,,
G000584,repgianforte,0,facebook,,,
B000013,spencerbachus,0,facebook,,,
B000574,blumenauer,0,facebook,,,
B001277,dickblumenthal,1,facebook,,,
B001259,15420665351,0,facebook,,,
C000560,teamcoburn,0,facebook,,,
G000566,reptreygowdy,0,facebook,,,
H001051,reprichardhanna,0,facebook,,,
M001149,repmikemichaud,0,facebook,,,
M000725,repgeorgemiller,0,facebook,,,
S001165,repalbiosires,1,facebook,,,
B001280,repkerryb,0,facebook,,,
C001045,200388204657,0,facebook,,,
E000291,reneeellmers,0,facebook,,,
H001050,repcolleenhanabusa,0,facebook,,,
K000210,congressmanpeteking,0,facebook,,,
L000550,senatormarylandrieu,0,facebook,,,
M000485,mikemcintyre,0,facebook,,,
M001189,replukemesser,0,facebook,,,
P000265,thomaspetri,0,facebook,,,
R000435,iroslehtinen,0,facebook,,,
U000038,markudall,0,facebook,,,
R000409,reprohrabacher,0,facebook,,,
L000263,repsandylevin,0,facebook,,,
J000290,replynnjenkins,0,facebook,,,
H000324,rephastingsfl,0,facebook,,,
F000456,repjohnfleming,0,facebook,,,
M001196,repmoulton,0,facebook,,,
B000911,congresswomanbrown,0,facebook,,,
P000594,congressmanerikpaulsen,0,facebook,,,
P000605,rep.scottperry,0,facebook,,,
L000584,repmialove,0,facebook,,,
K000387,representativesteveknight,0,facebook,,,
L000554,franklobiondo,0,facebook,,,
T000477,repscotttaylor,0,facebook,,,
C001106,congressmanryancostello,0,facebook,,,
C001071,bobcorker,0,facebook,,,
S001205,repmgs,0,facebook,,,
F000468,repfletcher,0,facebook,,,
S001214,repgregsteube,0,facebook,,,
A000367,justinamash,0,facebook,,,
L000593,repmikelevin,0,facebook,,,
S001213,repbryansteil,0,facebook,,,
B001243,marshablackburnforsenate,1,facebook,,,
B001259,brucebraley,1,facebook,,,
C001086,cravaackforcongress,1,facebook,,,
F000448,franksforcongress,1,facebook,,,
G000566,gowdyforcongress,1,facebook,,,
H001051,richardhannahforcongress,1,facebook,,,
H001046,teamheinrich,1,facebook,,,
H001043,paulhodes,1,facebook,,,
H001048,duncanhunterforcongress,1,facebook,,,
H001016,texansforkay,1,facebook,,,
K000362,kingforcongress,1,facebook,,,
M001163,matsui4congress,1,facebook,,,
R000307,robertsforsenate,1,facebook,,,
R000486,lucilleforcongress,1,facebook,,,
S001182,bobbyschilling17,1,facebook,,,
S001144,shaysforussenate,1,facebook,,,
S000810,petestarkforcongress,1,facebook,,,
W000798,walbergforcongress,1,facebook,,,
Y000033,akdoedonyoung,1,facebook,,,
B001257,bilirakisforcongress,1,facebook,,,
C000266,chabotforcongress,1,facebook,,,
C001061,cleaverforcongress,1,facebook,,,
C001053,tomcoleforcongress,1,facebook,,,
C000754,coopforcongress,1,facebook,,,
C001045,andercrenshawforcongress,1,facebook,,,
E000291,reneeellmersfornc,1,facebook,,,
F000062,diannefeinstein,1,facebook,,,
F000450,virginiafoxx,1,facebook,,,
G000572,pete.gallego.9,1,facebook,,,
H001050,hanabusaforgovernor,1,facebook,,,
H001032,rushholt,1,facebook,,,
K000210,petekingforcongress,1,facebook,,,
L000559,langevinforcongress,1,facebook,,,
M000639,menendezfornj,1,facebook,,,
P000449,robportman,1,facebook,,,
R000582,philroeforcongress,1,facebook,,,
R000435,voteileana,1,facebook,,,
R000599,drraulruiz,1,facebook,,,
T000463,miketurnerforcongress,1,facebook,,,
W000804,robertjwittman,1,facebook,,,
R000409,danarohrabacher,1,facebook,,,
C001047,shelleymoorecapitoforwestvirginia,1,facebook,,,
L000263,sanderlevin,1,facebook,,,
F000462,loisfrankel,1,facebook,,,
M000087,carolynmaloney,1,facebook,,,
L000174,patrickleahy,1,facebook,,,
J000290,votelynn,1,facebook,,,
N000189,dan.newhouse.wa,1,facebook,,,
H000324,alceeforcongress,1,facebook,,,
K000188,ronkindwi,1,facebook,,,
C001090,cartwrightpa,1,facebook,,,
S001198,dansullivanforalaska,1,facebook,,,
B001278,suzannebonamici,1,facebook,,,
F000456,flemmingforla,1,facebook,,,
F000456,flemming4congress,1,facebook,,,
M001196,sethmoulton,1,facebook,,,
R000602,kathleenriceforcongress,1,facebook,,,
C000567,thadforms,1,facebook,,,
B000911,congresswoman-corrine-brown-delivers,1,facebook,,,
N000002,jerrynadler,1,facebook,,,
P000594,erik.paulsen.52,1,facebook,,,
G000577,garretngraves,1,facebook,,,
D000610,teddeutchforcongress,1,facebook,,,
S001193,ericmswalwell,1,facebook,,,
P000605,scottperryforcongress,1,facebook,,,
R000585,tomreedforcongress,1,facebook,,,
K000386,johnkatkoforcongress,1,facebook,,,
F000463,debfischerforsenate,1,facebook,,,
B000944,sherrod,1,facebook,,,
A000360,lamaralexander,1,facebook,,,
H001075,kamalaharris,1,facebook,,,
G000386,grassleyworks,1,facebook,,,
C001103,buddycarterforcongress,1,facebook,,,
S001195,jasonsmithformissouri,1,facebook,,,
O000171,ohalleranforaz,1,facebook,,,
K000387,knight4congress,1,facebook,,,
K000380,kildee,1,facebook,,,
L000554,lobiondoforcongress,1,facebook,,,
T000477,scotttaylorvirginia,1,facebook,,,
S001168,jsarbanes,1,facebook,,,
S001180,kurtschraderoregon,1,facebook,,,
P000607,markpocan,1,facebook,,,
M001201,paulmitchellforus,1,facebook,,,
H001056,votejaime,1,facebook,,,
L000589,debbieleskoforcongress,1,facebook,,,
C001059,costaforcongress,1,facebook,,,
C001106,costelloforcongress,1,facebook,,,
G000359,lindseygrahamsc,1,facebook,,,
C001071,corkerfortn,1,facebook,,,
M001156,reelectmchenry,1,facebook,,,
M001203,malinowskifornj,1,facebook,,,
C001035,collins4senator,1,facebook,,,
S001205,marygayscanlon,1,facebook,,,
C001080,chu4congress,1,facebook,,,
B001301,bergmanforcongress,1,facebook,,,
B000755,bradyfortexas,1,facebook,,,
M001187,meadowsforcongress,1,facebook,,,
S001203,tinasmithmn,1,facebook,,,
F000468,lizzieforcongress,1,facebook,,,
S001214,gregsteube,1,facebook,,,
A000367,teamamash,1,facebook,,,
L000593,levinforcongress,1,facebook,,,
K000388,trentkellyforcongress,1,facebook,,,
K000383,angusformaine,1,facebook,,,
S001181,jeanneshaheennh,1,facebook,,,
Z000017,leemzeldin,1,facebook,,,
W000812,ann4congress,1,facebook,,,
S001213,bryansteilforwi,1,facebook,,,
E000296,dwightevanspa,1,facebook,,,
S001217,scottforflorida,1,facebook,,,
Y000064,toddyoungindiana,1,facebook,,,
H001038,higginsforcongress,1,facebook,,,
R000600,repamata,0,twitter,3026622545,3213.0,445.0
Y000064,sentoddyoung,0,twitter,234128524,43342.0,5157.0
E000295,senjoniernst,0,twitter,2856787757,61847.0,3086.0
T000476,senthomtillis,0,twitter,2964174789,81239.0,4332.0
Y000062,repjohnyarmuth,0,twitter,384913290,39665.0,3806.0
Y000033,repdonyoung,0,twitter,37007274,19277.0,1801.0
W000809,rep_stevewomack,0,twitter,234469322,20834.0,7063.0
W000808,repwilson,0,twitter,234014087,73238.0,12908.0
W000806,repwebster,0,twitter,281540744,25328.0,3365.0
W000805,markwarner,0,twitter,7429102,449166.0,9010.0
W000804,robwittman,0,twitter,15356407,27751.0,5744.0
W000802,senwhitehouse,0,twitter,242555999,327345.0,12213.0
W000800,peterwelch,0,twitter,1410590874,18285.0,2321.0
W000798,repwalberg,0,twitter,237862972,17101.0,4653.0
W000797,repdwstweets,0,twitter,1140648348,14356.0,4351.0
W000795,repjoewilson,0,twitter,254082173,13898.0,2713.0
W000791,repgregwalden,0,twitter,32010840,29661.0,2683.0
W000779,ronwyden,0,twitter,250188760,449932.0,8680.0
W000437,senatorwicker,0,twitter,264219447,83909.0,5197.0
W000187,repmaxinewaters,0,twitter,36686040,1098298.0,2909.0
V000128,chrisvanhollen,0,twitter,18137749,152051.0,4616.0
V000108,repvisclosky,0,twitter,193872188,14926.0,1898.0
V000081,nydiavelazquez,0,twitter,164369297,59393.0,7003.0
U000039,senatortomudall,0,twitter,60828944,168429.0,6514.0
U000031,repfredupton,0,twitter,124224165,26534.0,6313.0
T000470,reptipton,0,twitter,242873057,24125.0,3153.0
T000469,reppaultonko,0,twitter,84119348,24899.0,11823.0
T000468,repdinatitus,0,twitter,122174004,33139.0,11481.0
T000467,congressmangt,0,twitter,18967498,20538.0,7422.0
T000464,senatortester,0,twitter,515822213,94867.0,4619.0
T000463,repmiketurner,0,twitter,51228911,26266.0,2835.0
T000461,sentoomey,0,twitter,221162525,128684.0,4790.0
T000460,repthompson,0,twitter,303861808,28793.0,8359.0
T000250,senjohnthune,0,twitter,296361085,94362.0,5431.0
T000238,mactxpress,0,twitter,377534571,15121.0,1245.0
T000193,benniegthompson,0,twitter,82453460,15429.0,2171.0
S001189,austinscottga08,0,twitter,234797704,22178.0,2912.0
S001187,repstevestivers,0,twitter,211420609,34199.0,3257.0
S001185,repterrisewell,0,twitter,381152398,36173.0,5558.0
S001184,senatortimscott,0,twitter,217543151,376523.0,7945.0
S001183,repdavid,0,twitter,229197216,26887.0,3863.0
S001181,senatorshaheen,0,twitter,109287731,105923.0,8000.0
S001180,repschrader,0,twitter,20545793,25676.0,2351.0
S001177,kilili_sablan,0,twitter,926446070812602371,1059.0,1263.0
S001176,stevescalise,0,twitter,1209417007,312490.0,9774.0
S001175,repspeier,0,twitter,24913074,143560.0,5700.0
S001172,repadriansmith,0,twitter,296245061,12471.0,3644.0
S001165,repsires,0,twitter,18696134,21574.0,3736.0
S001157,repdavidscott,0,twitter,168673083,20955.0,2837.0
S001156,replindasanchez,0,twitter,312134473,35334.0,3361.0
S001150,repadamschiff,0,twitter,29501253,1400908.0,5211.0
S001148,congmikesimpson,0,twitter,76132891,17142.0,1117.0
S001145,janschakowsky,0,twitter,24195214,44256.0,7894.0
S001217,senrickscott,0,twitter,131546062,258368.0,13968.0
S000770,senstabenow,0,twitter,76456274,106972.0,4390.0
S000510,repadamsmith,0,twitter,58928690,33846.0,4081.0
S000364,repshimkus,0,twitter,15600527,30086.0,10428.0
S000344,bradsherman,0,twitter,30216513,48146.0,2049.0
S000320,senshelby,0,twitter,21111098,81844.0,2277.0
S000248,repjoseserrano,0,twitter,33563161,29689.0,4887.0
S000244,jimpressoffice,0,twitter,851621377,9027.0,1513.0
S000185,bobbyscott,0,twitter,161791703,34275.0,5837.0
S000148,senschumer,0,twitter,17494010,1842471.0,15391.0
S000033,sensanders,0,twitter,29442313,8468823.0,20437.0
R000595,senrubiopress,0,twitter,229966028,80656.0,8798.0
R000591,repmartharoby,0,twitter,224294785,33261.0,8669.0
R000588,reprichmond,0,twitter,267854863,29355.0,2515.0
R000585,reptomreed,0,twitter,252819323,17698.0,3215.0
R000582,drphilroe,0,twitter,52503751,19122.0,3352.0
R000577,reptimryan,0,twitter,13491312,75109.0,7356.0
R000576,call_me_dutch,0,twitter,305620929,16359.0,3883.0
R000575,repmikerogersal,0,twitter,33977070,25444.0,4849.0
R000515,repbobbyrush,0,twitter,305216911,20181.0,2882.0
R000486,reproybalallard,0,twitter,479872233,26985.0,6105.0
R000395,rephalrogers,0,twitter,550401754,16568.0,3744.0
R000307,senpatroberts,0,twitter,75364211,73001.0,6511.0
R000122,senjackreed,0,twitter,486694111,93656.0,5892.0
Q000023,repmikequigley,0,twitter,56864092,44948.0,12020.0
P000603,randpaul,0,twitter,216881337,2503158.0,13094.0
P000601,congpalazzo,0,twitter,299883942,15677.0,3609.0
P000599,congbillposey,0,twitter,25086658,23156.0,1273.0
P000597,chelliepingree,0,twitter,14984637,27198.0,4695.0
P000595,sengarypeters,0,twitter,236511574,110201.0,5952.0
P000593,repperlmutter,0,twitter,20552026,33166.0,5474.0
P000523,repdavideprice,0,twitter,155669457,28920.0,4556.0
P000449,senrobportman,0,twitter,18915145,138466.0,15770.0
P000197,speakerpelosi,0,twitter,15764644,2737378.0,9167.0
P000096,billpascrell,0,twitter,74508260,47310.0,4222.0
P000034,frankpallone,0,twitter,31801993,33966.0,13755.0
O000168,reppeteolson,0,twitter,20053279,10334.0,7949.0
N000181,repdevinnunes,0,twitter,344972339,33037.0,168.0
N000179,gracenapolitano,0,twitter,161411080,35223.0,2715.0
N000147,eleanornorton,0,twitter,23600262,33954.0,5182.0
N000015,reprichardneal,0,twitter,442824717,27692.0,1862.0
N000002,repjerrynadler,0,twitter,40302336,213007.0,6075.0
M001183,sen_joemanchin,0,twitter,234374703,181392.0,6069.0
M001180,repmckinley,0,twitter,240427862,30383.0,5931.0
M001177,repmcclintock,0,twitter,50152441,14515.0,491.0
M001176,senjeffmerkley,0,twitter,29201047,445712.0,10054.0
M001166,repmcnerney,0,twitter,385429543,25121.0,2335.0
M001165,gopleader,0,twitter,19739126,322288.0,10690.0
M001163,dorismatsui,0,twitter,38254095,35936.0,3375.0
M001160,repgwenmoore,0,twitter,22669526,36886.0,6991.0
M001159,cathymcmorris,0,twitter,17976923,49525.0,11134.0
M001158,repkenmarchant,0,twitter,23976316,26754.0,5169.0
M001157,repmccaul,0,twitter,26424123,30537.0,3965.0
M001156,patrickmchenry,0,twitter,27676828,28487.0,4906.0
M001153,lisamurkowski,0,twitter,18061669,263757.0,7406.0
M001143,bettymccollum04,0,twitter,516880804,32266.0,7542.0
M001137,repgregorymeeks,0,twitter,22812754,27561.0,5369.0
M001111,pattymurray,0,twitter,293131808,422047.0,16626.0
M000934,jerrymoran,0,twitter,18632666,96338.0,5565.0
M000639,senatormenendez,0,twitter,18695134,163358.0,10700.0
M000355,mcconnellpress,0,twitter,339822881,84521.0,11998.0
M000312,repmcgovern,0,twitter,242426145,56890.0,9854.0
M000133,senmarkey,0,twitter,21406834,158679.0,14443.0
M000087,repmaloney,0,twitter,258900199,41842.0,10764.0
L000577,senmikelee,0,twitter,88784440,505845.0,4950.0
L000576,usreplong,0,twitter,1444015610,18814.0,7584.0
L000575,senatorlankford,0,twitter,225921757,76105.0,6352.0
L000570,repbenraylujan,0,twitter,19318314,22275.0,3118.0
L000569,repblaine,0,twitter,1849261916,12711.0,2024.0
L000566,boblatta,0,twitter,15394954,37818.0,7146.0
L000565,daveloebsack,0,twitter,510516465,9113.0,1251.0
L000564,repdlamborn,0,twitter,584012853,21990.0,4838.0
L000563,replipinski,0,twitter,1009269193,14576.0,3206.0
L000562,repstephenlynch,0,twitter,310310133,22869.0,3976.0
L000560,repricklarsen,0,twitter,404132211,18994.0,9406.0
L000559,jimlangevin,0,twitter,18909919,24586.0,11289.0
L000557,repjohnlarson,0,twitter,50452197,25281.0,3634.0
L000551,repbarbaralee,0,twitter,248735463,241912.0,9927.0
L000491,repfranklucas,0,twitter,242772524,19452.0,983.0
L000480,nitalowey,0,twitter,221792092,32728.0,4163.0
L000397,repzoelofgren,0,twitter,267938462,45607.0,2308.0
L000287,repjohnlewis,0,twitter,29450962,1085761.0,1948.0
L000174,senatorleahy,0,twitter,242836537,185709.0,15320.0
K000378,repkinzinger,0,twitter,219429281,53204.0,7885.0
K000376,mikekellypa,0,twitter,935368364,14480.0,2660.0
K000375,usrepkeating,0,twitter,232992031,16076.0,1422.0
K000362,stevekingia,0,twitter,48117116,116830.0,2771.0
K000210,reppeteking,0,twitter,18277655,36413.0,2884.0
K000188,repronkind,0,twitter,112740986,15439.0,1531.0
K000009,repmarcykaptur,0,twitter,581141508,20431.0,4359.0
J000293,senronjohnson,0,twitter,233737858,108640.0,5128.0
J000292,repbilljohnson,0,twitter,211530910,36405.0,5871.0
J000289,jim_jordan,0,twitter,18166778,646057.0,3386.0
J000288,rephankjohnson,0,twitter,24745957,35929.0,5456.0
J000300,sendougjones,0,twitter,941080085121175552,21420.0,900.0
J000126,repebj,0,twitter,168502762,33563.0,8562.0
J000032,jacksonleetx18,0,twitter,80612021,76798.0,7761.0
I000024,inhofepress,0,twitter,20546536,15519.0,6293.0
H001061,senjohnhoeven,0,twitter,382791093,92129.0,3486.0
H001058,rephuizenga,0,twitter,233949261,20967.0,6515.0
H001056,herrerabeutler,0,twitter,242926427,20482.0,1231.0
H001053,rephartzler,0,twitter,237763317,21664.0,6920.0
H001048,rep_hunter,0,twitter,1305596696,19122.0,869.0
H001047,jahimes,0,twitter,31611298,89354.0,10112.0
H001046,martinheinrich,0,twitter,1099199839,189268.0,7570.0
H001042,maziehirono,0,twitter,92186819,409156.0,5621.0
H001038,repbrianhiggins,0,twitter,33576489,23642.0,14335.0
H000874,leaderhoyer,0,twitter,22012091,117375.0,18108.0
H000324,rephastingsfl,0,twitter,2433737761,25433.0,1753.0
G000568,repmgriffith,0,twitter,234057152,28801.0,1388.0
G000565,repgosar,0,twitter,240760644,54058.0,9872.0
G000563,repbobgibbs,0,twitter,234822928,36386.0,3263.0
G000562,sencorygardner,0,twitter,235217558,117742.0,4660.0
G000560,reptomgraves,0,twitter,190328374,21262.0,4267.0
G000559,repgaramendi,0,twitter,88806753,28374.0,13641.0
G000553,repalgreen,0,twitter,156333623,66965.0,1940.0
G000552,replouiegohmert,0,twitter,22055226,222735.0,7537.0
G000551,repraulgrijalva,0,twitter,28602948,36287.0,5524.0
G000386,chuckgrassley,0,twitter,10615232,421536.0,8107.0
G000377,repkaygranger,0,twitter,161743731,21106.0,1790.0
G000359,grahamblog,0,twitter,14845376,119071.0,4233.0
F000461,repbillflores,0,twitter,237312687,19865.0,10101.0
F000459,repchuck,0,twitter,235190657,16209.0,2674.0
F000455,repmarciafudge,0,twitter,153486399,38129.0,5874.0
F000450,virginiafoxx,0,twitter,16256269,24379.0,3907.0
F000449,jefffortenberry,0,twitter,18805303,21553.0,3621.0
F000062,senfeinstein,0,twitter,476256944,1357164.0,8975.0
E000285,senatorenzi,0,twitter,291756142,92260.0,4381.0
E000215,repannaeshoo,0,twitter,249348006,43482.0,2492.0
E000179,repeliotengel,0,twitter,164007407,34225.0,4748.0
D000616,desjarlaistn04,0,twitter,235312723,18480.0,4929.0
D000615,repjeffduncan,0,twitter,240393970,55151.0,8869.0
D000614,repseanduffy,0,twitter,234022257,41535.0,7146.0
D000610,repteddeutch,0,twitter,137794015,63861.0,8307.0
D000600,mariodb,0,twitter,37094727,51488.0,7743.0
D000563,senatordurbin,0,twitter,247334603,613389.0,14608.0
D000482,usrepmikedoyle,0,twitter,39249305,19179.0,1751.0
D000399,replloyddoggett,0,twitter,153944899,34592.0,7885.0
D000216,rosadelauro,0,twitter,140519774,41712.0,7043.0
D000197,repdianadegette,0,twitter,28599820,49465.0,5131.0
D000191,reppeterdefazio,0,twitter,252249233,29967.0,1404.0
C001088,chriscoons,0,twitter,15324851,142272.0,11744.0
C001087,reprickcrawford,0,twitter,233693291,18905.0,5274.0
C001084,repcicilline,0,twitter,462143773,23498.0,6057.0
C001080,repjudychu,0,twitter,193732179,70763.0,5294.0
C001078,gerryconnolly,0,twitter,78445977,50892.0,7438.0
C001072,repandrecarson,0,twitter,199325935,43186.0,3963.0
C001070,senbobcasey,0,twitter,171598736,407988.0,9185.0
C001069,repjoecourtney,0,twitter,85396297,24500.0,6897.0
C001068,repcohen,0,twitter,162069635,66310.0,9844.0
C001067,repyvetteclarke,0,twitter,240812994,61114.0,12435.0
C001063,repcuellar,0,twitter,210926192,23813.0,5287.0
C001062,conawaytx11,0,twitter,295685416,21583.0,1001.0
C001061,repcleaver,0,twitter,163570705,42122.0,6617.0
C001059,repjimcosta,0,twitter,245451804,19755.0,2423.0
C001056,johncornyn,0,twitter,13218102,213136.0,31958.0
C001053,tomcoleok04,0,twitter,23124635,23427.0,1511.0
C001051,judgecarter,0,twitter,18030431,15308.0,6231.0
C001047,sencapito,0,twitter,193794406,68275.0,8095.0
C001035,senatorcollins,0,twitter,19726613,502782.0,3143.0
C000984,repcummings,0,twitter,787373558,447190.0,6820.0
C000880,mikecrapo,0,twitter,600463589,95776.0,6498.0
C000754,repjimcooper,0,twitter,22523087,24975.0,3075.0
C000537,whipclyburn,0,twitter,188019606,70583.0,2836.0
C000266,repstevechabot,0,twitter,237750442,28038.0,3253.0
C000174,senatorcarper,0,twitter,249787913,96230.0,8329.0
C000141,senatorcardin,0,twitter,109071031,244327.0,10533.0
C000127,senatorcantwell,0,twitter,117501995,229677.0,8329.0
C000059,kencalvert,0,twitter,22545491,20517.0,5724.0
B001277,senblumenthal,0,twitter,278124059,594668.0,12471.0
B001275,replarrybucshon,0,twitter,234812598,21196.0,5501.0
B001274,repmobrooks,0,twitter,237299871,32341.0,2553.0
B001270,repkarenbass,0,twitter,239949176,108599.0,5069.0
B001267,senatorbennet,0,twitter,224285242,291280.0,3712.0
B001261,senjohnbarrasso,0,twitter,202206694,117582.0,4304.0
B001260,vernbuchanan,0,twitter,20467163,29243.0,2669.0
B001257,repgusbilirakis,0,twitter,26051676,30683.0,5690.0
B001251,gkbutterfield,0,twitter,432676344,18935.0,5743.0
B001250,reprobbishop,0,twitter,148006729,,
B001248,michaelcburgess,0,twitter,15751083,28473.0,5737.0
B001243,marshablackburn,0,twitter,278145569,84604.0,6691.0
B001236,johnboozman,0,twitter,5558312,84610.0,5293.0
B001135,senatorburr,0,twitter,21157904,152583.0,3812.0
B000944,sensherrodbrown,0,twitter,43910797,372674.0,6230.0
B000755,repkevinbrady,0,twitter,19926675,47275.0,12701.0
B000575,royblunt,0,twitter,21269970,105610.0,11742.0
B000574,blumenauermedia,0,twitter,137823987,3040.0,352.0
B000490,sanfordbishop,0,twitter,249410485,19870.0,2024.0
A000360,senalexander,0,twitter,76649729,106447.0,6939.0
A000055,robert_aderholt,0,twitter,76452765,25831.0,1645.0
D000617,repdelbene,0,twitter,995193054,25366.0,5447.0
B001278,repbonamici,0,twitter,558769636,28208.0,4896.0
K000383,senangusking,0,twitter,1068481578,206764.0,4210.0
A000369,markamodeinv2,0,twitter,402719755,13346.0,1218.0
S001193,repswalwell,0,twitter,942156122,548141.0,11468.0
M001190,repmullin,0,twitter,1060370282,18621.0,3090.0
K000379,repjoekennedy,0,twitter,1055907624,802211.0,5996.0
B001284,susanwbrooks,0,twitter,1074101017,21583.0,6508.0
W000813,repwalorski,0,twitter,1065995022,17289.0,4735.0
R000597,reptomrice,0,twitter,1058345042,16125.0,1917.0
M001188,repgracemeng,0,twitter,1051127714,27823.0,4521.0
M001185,repseanmaloney,0,twitter,1072467470,31547.0,5884.0
H001064,repdennyheck,0,twitter,1068499286,24142.0,4304.0
H001065,repholding,0,twitter,1058460818,16642.0,891.0
T000472,repmarktakano,0,twitter,1037321378,50267.0,3431.0
J000294,repjeffries,0,twitter,467823431,139988.0,3473.0
J000295,repdavejoyce,0,twitter,976969338,20829.0,4355.0
L000579,replowenthal,0,twitter,1055730738,29723.0,4813.0
C001093,repdougcollins,0,twitter,1060487274,95713.0,3990.0
W000814,txrandy14,0,twitter,1058051748,15988.0,2674.0
K000381,repderekkilmer,0,twitter,1058917562,25219.0,2927.0
G000571,tulsipress,0,twitter,1064206014,164813.0,4326.0
D000618,stevedaines,0,twitter,11651202,51400.0,5915.0
Y000065,reptedyoho,0,twitter,1071900114,32173.0,1387.0
K000382,repanniekuster,0,twitter,1058717720,21607.0,4798.0
K000380,repdankildee,0,twitter,1045110018,40073.0,6467.0
C001090,repcartwright,0,twitter,776664410,13469.0,2126.0
C001095,sentomcotton,0,twitter,968650362,155209.0,8560.0
B001286,repcheri,0,twitter,1092979962,32600.0,4707.0
B001287,repbera,0,twitter,950783972,33903.0,3797.0
F000454,repbillfoster,0,twitter,1080509366,41193.0,3227.0
M001187,repmarkmeadows,0,twitter,963480595,341535.0,2828.0
F000462,reploisfrankel,0,twitter,1077121945,27347.0,6357.0
H001067,reprichhudson,0,twitter,935033864,17619.0,7537.0
V000131,repveasey,0,twitter,1074129612,23792.0,4076.0
V000132,repfilemonvela,0,twitter,1083448909,15824.0,1397.0
P000605,repscottperry,0,twitter,18773159,20219.0,3390.0
R000599,congressmanruiz,0,twitter,1089859058,19259.0,1422.0
C001094,reppaulcook,0,twitter,1074412920,17456.0,1559.0
C001096,senkevincramer,0,twitter,1048784496,19469.0,3863.0
C001092,repchriscollins,0,twitter,1058256326,17288.0,3959.0
W000812,repannwagner,0,twitter,1051446626,22522.0,3601.0
W000817,senwarren,0,twitter,970207298,5203400.0,4502.0
D000619,rodneydavis,0,twitter,993153006,21652.0,6069.0
S001192,repchrisstewart,0,twitter,1072008757,20764.0,3333.0
B001282,repandybarr,0,twitter,1089334250,21482.0,3555.0
C001098,sentedcruz,0,twitter,1074480192,1266476.0,10850.0
D000096,repdannydavis,0,twitter,789244177,12492.0,2056.0
G000546,repsamgraves,0,twitter,29766367,13114.0,7958.0
B001230,senatorbaldwin,0,twitter,1074518754,110729.0,13233.0
W000810,reprobwoodall,0,twitter,2382685057,13878.0,1104.0
W000816,reprwilliams,0,twitter,1077446982,11515.0,4863.0
D000598,repsusandavis,0,twitter,432771620,21843.0,2272.0
D000622,senduckworth,0,twitter,1058520120,550342.0,6025.0
F000463,senatorfischer,0,twitter,1071402577,81421.0,5651.0
H001068,rephuffman,0,twitter,1071102246,33014.0,2488.0
H001052,repandyharrismd,0,twitter,960962340,15854.0,3205.0
P000604,repdonaldpayne,0,twitter,1155335864,17947.0,5414.0
P000608,repscottpeters,0,twitter,1135486501,25981.0,10485.0
C001091,joaquincastrotx,0,twitter,231510077,183043.0,14781.0
W000815,repbradwenstrup,0,twitter,518644221,22953.0,5320.0
S001191,senatorsinema,0,twitter,1080844782,99836.0,12025.0
C001075,senbillcassidy,0,twitter,1017500185356853248,11890.0,1436.0
G000558,repguthrie,0,twitter,1908143071,16371.0,849.0
L000578,replamalfa,0,twitter,1069124515,18037.0,1382.0
C001066,usrepkcastor,0,twitter,1880674038,18920.0,6160.0
K000367,senamyklobuchar,0,twitter,22044727,30982.0,454.0
I000055,senatorisakson,0,twitter,78403308,66084.0,6287.0
C001097,repcardenas,0,twitter,1222257180,20332.0,7518.0
P000607,repmarkpocan,0,twitter,1206227149,87714.0,5934.0
V000130,repjuanvargas,0,twitter,1260172386,23123.0,2288.0
S001194,senbrianschatz,0,twitter,1262099252,45152.0,1515.0
S001168,repsarbanes,0,twitter,364415553,22569.0,2025.0
B001285,juliabrownley26,0,twitter,923251678652043269,21.0,1.0
M001184,repthomasmassie,0,twitter,975200486,76589.0,4763.0
K000385,reprobinkelly,0,twitter,1339931490,27339.0,4482.0
G000555,gillibrandny,0,twitter,899978622416695297,8475.0,489.0
R000584,senatorrisch,0,twitter,1096059529,81434.0,1675.0
B001281,repbeatty,0,twitter,1531521632,35808.0,8445.0
S001203,sentinasmith,0,twitter,941000686275387392,40715.0,2595.0
S001195,repjasonsmith,0,twitter,1623308912,26406.0,3348.0
S000522,repchrissmith,0,twitter,1289319271,23984.0,1073.0
M001169,senmurphyoffice,0,twitter,2853793517,3584.0,1208.0
B001288,senbooker,0,twitter,2167097881,139473.0,5183.0
C001101,repkclark,0,twitter,2293131060,65262.0,5253.0
B001289,repbyrne,0,twitter,2253968388,22000.0,14942.0
N000189,repnewhouse,0,twitter,2930635215,13556.0,1494.0
R000601,repratcliffe,0,twitter,2847221717,64049.0,2558.0
L000583,reploudermilk,0,twitter,2914163523,18025.0,2310.0
C001103,repbuddycarter,0,twitter,2973870195,19697.0,1854.0
B001295,repbost,0,twitter,2964877294,11186.0,1918.0
A000370,repadams,0,twitter,2916086925,15163.0,7049.0
M001194,repmoolenaar,0,twitter,2696643955,10994.0,854.0
S001196,repstefanik,0,twitter,2962813893,31173.0,4210.0
R000603,repdavidrouzer,0,twitter,834069080,9737.0,1085.0
P000609,usrepgarypalmer,0,twitter,2861616083,16662.0,2064.0
E000294,reptomemmer,0,twitter,2914515430,13319.0,4236.0
A000374,repabraham,0,twitter,2962891515,21446.0,968.0
Z000017,repleezeldin,0,twitter,2750127259,88257.0,2320.0
K000386,repjohnkatko,0,twitter,2966765501,14725.0,1010.0
W000821,repwesterman,0,twitter,2852998461,9157.0,5071.0
H001072,repfrenchhill,0,twitter,2953974395,14319.0,2523.0
B001291,repbrianbabin,0,twitter,2929491549,12099.0,2823.0
M001195,repalexmooney,0,twitter,2964526557,8300.0,1854.0
B001297,repkenbuck,0,twitter,2862577383,26249.0,1577.0
R000602,repkathleenrice,0,twitter,2970462034,27736.0,2946.0
D000624,repdebdingell,0,twitter,2970279814,50262.0,3580.0
T000474,normajtorres,0,twitter,236279233,28445.0,7283.0
S001197,sensasse,0,twitter,2962923040,144237.0,903.0
S001198,sendansullivan,0,twitter,2891210047,37655.0,2545.0
A000372,reprickallen,0,twitter,2964287128,17289.0,1687.0
R000605,senatorrounds,0,twitter,2955485182,20739.0,3235.0
B001296,congboyle,0,twitter,4304448314,12031.0,3882.0
H001071,congressmanhice,0,twitter,2975091705,27085.0,2870.0
A000371,reppeteaguilar,0,twitter,3018670151,12103.0,1671.0
G000574,reprubengallego,0,twitter,2966570782,72748.0,4626.0
P000612,sendavidperdue,0,twitter,2863210809,66330.0,3935.0
P000610,staceyplaskett,0,twitter,2724095695,47662.0,1529.0
W000822,repbonnie,0,twitter,2968451607,27889.0,6040.0
H001073,hurdonthehill,0,twitter,2963445730,49207.0,5518.0
L000582,reptedlieu,0,twitter,3044993235,146645.0,4972.0
G000577,repgarretgraves,0,twitter,2951574214,12279.0,3579.0
D000623,repdesaulnier,0,twitter,2968007206,14606.0,3938.0
W000819,repmarkwalker,0,twitter,2966205003,19742.0,4887.0
M001196,teammoulton,0,twitter,3091316093,8426.0,4374.0
B001292,repdonbeyer,0,twitter,2962868158,75038.0,18345.0
G000576,repgrothman,0,twitter,2976606250,6768.0,2082.0
N000188,donaldnorcross,0,twitter,3122099613,9081.0,7478.0
L000581,replawrence,0,twitter,2863006655,18875.0,4813.0
K000388,reptrentkelly,0,twitter,3317799825,8216.0,1511.0
L000585,replahood,0,twitter,3686482216,13216.0,1710.0
B001299,repjimbanks,0,twitter,816131319033950208,9396.0,3910.0
D000627,repvaldemings,0,twitter,798973032362606600,24337.0,4507.0
B001303,replbr,0,twitter,817050219007328258,10856.0,981.0
R000606,repraskin,0,twitter,806906355214852096,62212.0,6428.0
P000613,repjimmypanetta,0,twitter,796736612554117120,8843.0,2201.0
C001111,repcharliecrist,0,twitter,816030424778543104,10607.0,2373.0
D000628,drnealdunnfl2,0,twitter,815952318487298048,6578.0,1548.0
B001300,repbarragan,0,twitter,816833925456789505,29445.0,3905.0
B001302,repandybiggsaz,0,twitter,816652616625168388,30583.0,5815.0
M001199,repbrianmast,0,twitter,814103950404239360,17322.0,2002.0
M001200,repmceachin,0,twitter,816181091673448448,8366.0,3781.0
D000626,warrendavidson,0,twitter,742735530287304704,17323.0,2720.0
F000465,repdrewferguson,0,twitter,806583915012046854,6646.0,1598.0
G000581,repgonzalez,0,twitter,818536152588238849,5096.0,1180.0
G000583,repjoshg,0,twitter,815310506596691968,9850.0,3531.0
C001113,sencortezmasto,0,twitter,811313565760163844,37244.0,5396.0
K000389,reprokhanna,0,twitter,816298918468259841,51660.0,6954.0
G000582,repjenniffer,0,twitter,819744763020775425,14147.0,5187.0
M001202,repstephmurphy,0,twitter,796183515998068736,21847.0,2445.0
H001074,reptrey,0,twitter,811986281177772032,8579.0,599.0
A000375,reparrington,0,twitter,816284664658874368,7231.0,1812.0
C001109,replizcheney,0,twitter,816719802328715264,23702.0,427.0
C001112,repcarbajal,0,twitter,816157667882373120,9693.0,2118.0
S001201,reptomsuozzi,0,twitter,816705409486618624,8660.0,993.0
S001190,repschneider,0,twitter,1071840474,10048.0,3750.0
B001305,reptedbudd,0,twitter,817138492614524928,10923.0,1526.0
J000298,repjayapal,0,twitter,815733290955112448,174448.0,15665.0
F000466,repbrianfitz,0,twitter,816303263586914304,12175.0,1288.0
O000171,repohalleran,0,twitter,808416682972770304,13814.0,3304.0
R000607,reprooney,0,twitter,816111677917851649,6944.0,912.0
K000393,senjohnkennedy,0,twitter,816683274076614656,67025.0,1694.0
L000586,repallawsonjr,0,twitter,818472418620608512,7194.0,1133.0
M001201,reppaulmitchell,0,twitter,811632636598910976,6396.0,1531.0
K000391,congressmanraja,0,twitter,814179031956488192,17690.0,3717.0
H001076,senatorhassan,0,twitter,946549322,143641.0,7366.0
E000297,repespaillat,0,twitter,817076257770835968,15283.0,8217.0
K000392,repdavidkustoff,0,twitter,816012124505931780,8059.0,1296.0
G000578,repmattgaetz,0,twitter,818948638890217473,317482.0,3862.0
S001200,repdarrensoto,0,twitter,818713465653051392,10572.0,3194.0
B001301,repjackbergman,0,twitter,815241612154417152,6849.0,1006.0
G000579,repgallagher,0,twitter,815966620300480514,14962.0,2424.0
M001198,repmarshall,0,twitter,752364246218862592,,
E000296,repdwightevans,0,twitter,90639372,14763.0,16922.0
R000609,reprutherfordfl,0,twitter,828977216595849216,5288.0,1053.0
J000299,repmikejohnson,0,twitter,827279765287559171,7101.0,1569.0
R000608,senjackyrosen,0,twitter,818554054309715969,20802.0,4092.0
C001110,reploucorrea,0,twitter,815985039485837312,8325.0,561.0
B001298,repdonbacon,0,twitter,818975124460335106,8432.0,6278.0
S001199,repsmucker,0,twitter,41417564,7361.0,3786.0
H001075,senkamalaharris,0,twitter,803694179079458816,848546.0,3462.0
H001077,repclayhiggins,0,twitter,843636970538618880,8873.0,1079.0
B001304,repanthonybrown,0,twitter,823552974253342721,16245.0,3038.0
E000298,repronestes,0,twitter,854715071116849157,4326.0,916.0
G000585,repjimmygomez,0,twitter,2371339658,11443.0,3036.0
N000190,repralphnorman,0,twitter,880480631108644864,6336.0,1535.0
L000589,repdlesko,0,twitter,996094929733652481,12557.0,1198.0
C001114,repjohncurtis,0,twitter,931614483050414080,3185.0,1722.0
H001079,senhydesmith,0,twitter,983348251972816896,7095.0,792.0
L000588,repconorlamb,0,twitter,984456621417000960,5326.0,283.0
C001115,repcloudtx,0,twitter,1039879658400112640,2415.0,111.0
H001080,repdebhaaland,0,twitter,1080695666760929280,61670.0,1420.0
A000377,reparmstrongnd,0,twitter,1080515866255593472,8010.0,458.0
R000616,repharley,0,twitter,1075080722241736704,11719.0,482.0
S001212,reppetestauber,0,twitter,1075830599007510535,2352.0,302.0
L000591,repelaineluria,0,twitter,1080292515939565568,10470.0,807.0
B001306,repbalderson,0,twitter,1037341536592310272,1367.0,372.0
A000376,repcolinallred,0,twitter,1078355119920562176,12063.0,489.0
C001118,repbencline,0,twitter,1072158357237174272,6074.0,253.0
C001122,repcunningham,0,twitter,1080198683713507335,15965.0,546.0
D000630,repdelgado,0,twitter,1080485692298444800,10080.0,774.0
H001066,rephorsford,0,twitter,389840566,10177.0,2459.0
H001082,repkevinhern,0,twitter,1067818539179024386,1718.0,259.0
H001087,repkatiehill,0,twitter,1068273911224094721,64797.0,957.0
L000593,repmikelevin,0,twitter,1072134139560620033,13137.0,517.0
M001206,repjoemorelle,0,twitter,1064595993222615040,5175.0,840.0
N000191,repjoeneguse,0,twitter,1078749802765139968,13325.0,1399.0
S001209,repspanberger,0,twitter,1078771401497161728,19560.0,1161.0
S001213,repbryansteil,0,twitter,1075205691621720064,2005.0,550.0
W000826,repsusanwild,0,twitter,1069636653353000962,5312.0,821.0
R000615,senatorromney,0,twitter,1078693601356509184,35099.0,327.0
M001197,senmcsallyaz,0,twitter,2964949642,64390.0,3573.0
A000378,repcindyaxne,0,twitter,1080865917377097728,8160.0,465.0
B001309,reptimburchett,0,twitter,1028854804087492613,4144.0,255.0
C001119,repangiecraig,0,twitter,1080222360643485698,14101.0,562.0
C001120,repdancrenshaw,0,twitter,1080894931311431682,385575.0,323.0
C001121,repjasoncrow,0,twitter,1080191866509901826,7508.0,823.0
C001124,reptjcox,0,twitter,1080875913926139910,5516.0,670.0
D000629,repdavids,0,twitter,1080516116395499522,48626.0,525.0
B001310,senatorbraun,0,twitter,1080870981877534720,5521.0,478.0
E000299,repescobar,0,twitter,1075517806551154689,37569.0,1943.0
F000468,repfletcher,0,twitter,1075904377221722113,11184.0,600.0
F000469,reprussfulcher,0,twitter,1078741899572240384,1910.0,243.0
G000587,repsylviagarcia,0,twitter,1080587263132733442,12663.0,761.0
G000590,repmarkgreen,0,twitter,1080477288955826176,14873.0,711.0
G000592,repgolden,0,twitter,1080891667308298240,5511.0,362.0
H001085,rephoulahan,0,twitter,1052896620797460481,12328.0,845.0
H001090,repjoshharder,0,twitter,1080851152151953410,13489.0,522.0
J000301,repdustyjohnson,0,twitter,1074782372594413569,3125.0,369.0
L000590,repsusielee,0,twitter,1079061579973439488,10260.0,1216.0
L000592,repandylevin,0,twitter,1080277407867772930,12023.0,551.0
M001204,repmeuser,0,twitter,1080574793630527505,5607.0,312.0
M001209,repbenmcadams,0,twitter,196362083,10748.0,4181.0
P000616,repdeanphillips,0,twitter,1061310112013434882,10215.0,549.0
P000617,reppressley,0,twitter,1080584229510172678,166786.0,1101.0
R000611,repriggleman,0,twitter,1080504024695222273,3907.0,709.0
R000613,repmaxrose,0,twitter,1078692057940742144,13210.0,557.0
S001206,repshalala,0,twitter,1060584809095925762,12876.0,1033.0
S001207,repsherrill,0,twitter,1080569698536878081,10860.0,608.0
S001208,repslotkin,0,twitter,1078401427347857408,17387.0,332.0
S001211,repgregstanton,0,twitter,1080885078425784320,3889.0,283.0
S001215,rephaleystevens,0,twitter,1076161611033968640,14605.0,866.0
S001216,repkimschrier,0,twitter,1080462532815532032,6666.0,285.0
T000479,repvantaylor,0,twitter,1075040139351597056,1817.0,212.0
T000480,reptimmons,0,twitter,1079770852302958592,1572.0,101.0
T000481,reprashida,0,twitter,1079769536730140672,170493.0,391.0
T000482,reploritrahan,0,twitter,1079802482640019456,15127.0,1529.0
T000483,repdavidtrone,0,twitter,1080573351914061825,6480.0,478.0
T000484,reptorressmall,0,twitter,1080830346915209216,11022.0,248.0
U000040,repunderwood,0,twitter,1080539438508400642,72359.0,431.0
W000825,repwexton,0,twitter,1017819745880543238,17764.0,1010.0
W000827,repronwright,0,twitter,1080854935535800320,1647.0,297.0
K000368,repkirkpatrick,0,twitter,1081240074946252801,4862.0,773.0
H001081,repjahanahayes,0,twitter,1082086081238102018,24789.0,839.0
F000467,repfinkenauer,0,twitter,1081256295469068288,6519.0,338.0
D000631,repdean,0,twitter,567508925,18704.0,2510.0
C001123,repgilcisneros,0,twitter,1080986167003230208,5576.0,620.0
B001308,repbrindisi,0,twitter,1080978331535896576,5275.0,700.0
P000614,repchrispappas,0,twitter,1067748650485497862,6745.0,778.0
P000618,repkatieporter,0,twitter,1081222837459996672,200810.0,580.0
R000612,repjohnrose,0,twitter,1081312310059253763,1814.0,224.0
S001205,repmgs,0,twitter,1067541214671577093,30655.0,1695.0
O000172,repaoc,0,twitter,1079104563280527364,184673.0,45.0
M001207,repdmp,0,twitter,1080941062028447744,14232.0,1840.0
J000302,repjohnjoyce,0,twitter,1082311988926124036,2013.0,445.0
G000591,repmichaelguest,0,twitter,1081243468327018496,2829.0,297.0
C001117,repcasten,0,twitter,1083472286089396224,10357.0,749.0
H001083,repkendrahorn,0,twitter,1083019402046513152,7121.0,294.0
M001203,repmalinowski,0,twitter,1080898026418384897,3018.0,224.0
M001205,repcarolmiller,0,twitter,1081318716573470720,3576.0,295.0
M001208,replucymcbath,0,twitter,1082380458976051202,18464.0,267.0
P000615,repgregpence,0,twitter,1082369392229400576,3711.0,409.0
R000614,repchiproy,0,twitter,1082790600292925440,21350.0,1131.0
S001214,repgregsteube,0,twitter,1083125649609506816,4430.0,168.0
W000823,repmichaelwaltz,0,twitter,1082416697380913152,4351.0,749.0
G000586,repchuygarcia,0,twitter,1082427779583541248,5439.0,534.0
H001088,rephagedorn,0,twitter,1083474782602125318,1563.0,358.0
K000394,repandykimnj,0,twitter,1078771848882593793,5524.0,453.0
B001307,repjimbaird,0,twitter,1086316494450032640,1517.0,216.0
G000588,repagonzalez,0,twitter,1054381765224210432,3984.0,299.0
G000589,replancegooden,0,twitter,412595957,2630.0,447.0
R000610,greschenthaler,0,twitter,4205133682,7926.0,1184.0
S001210,reprossspano,0,twitter,1090328229548826627,954.0,238.0
W000824,rep_watkins,0,twitter,1080307235350241280,2859.0,396.0
O000173,ilhan,0,twitter,1082334352711790593,372332.0,1047.0
C001055,repedcase,0,twitter,1081350574589833221,2365.0,275.0
H001089,senhawleypress,0,twitter,1080960924687704064,4088.0,560.0
V000133,congressmanjvd,0,twitter,1083469084648505344,2337.0,300.0
B000013,bachusal06,0,twitter,78431501,8316.0,532.0
B001259,brucebraley,1,twitter,29293808,13515.0,6242.0
C000560,tomcoburn,0,twitter,750683096643624964,,
G000566,tgowdysc,0,twitter,237348797,1046307.0,1929.0
H001051,reprichardhanna,0,twitter,236899846,11885.0,3292.0
H001043,paulhodes,0,twitter,15183303,1786.0,485.0
H001016,kaybaileyhutch,0,twitter,133439172,23415.0,5403.0
M000725,askgeorge,0,twitter,7356562,11754.0,2515.0
B001280,repkerryb,0,twitter,966442267,3528.0,1125.0
C001045,andercrenshaw,0,twitter,20209807,10263.0,1158.0
E000291,repreneeellmers,0,twitter,213634439,17101.0,7195.0
H001050,rephanabusa,0,twitter,235373000,12480.0,2625.0
L000550,senlandrieu,0,twitter,413466731,16492.0,1283.0
M000485,repmikemcintyre,0,twitter,3539455334,,
M001189,replukemesser,0,twitter,2170620228,,
R000435,roslehtinen,0,twitter,14275291,139313.0,31589.0
U000038,markudall,0,twitter,8128442,30164.0,3937.0
L000263,repsandylevin,0,twitter,25781141,25890.0,3254.0
J000290,replynnjenkins,0,twitter,,,
F000456,repfleming,0,twitter,84620376,12652.0,1638.0
C000567,senthadcochran,0,twitter,555474658,70622.0,2075.0
B000911,repcorrinebrown,0,twitter,744981960641122304,,
P000594,reperikpaulsen,0,twitter,1117788375883354113,,
L000584,repmialove,0,twitter,,,
D000625,repdandonovan,0,twitter,3353670647,6511.0,2054.0
K000387,steveknight25,0,twitter,2974648323,6525.0,1202.0
L000554,replobiondo,0,twitter,,,
T000477,repscotttaylor,0,twitter,,,
M001179,reptommarino,0,twitter,579624328,,
C001071,senbobcorker,0,twitter,73303753,398961.0,4270.0
A000367,justinamash,0,twitter,233842454,349853.0,16221.0
B001243,votemarsha,1,twitter,63150856,37933.0,5935.0
B001277,dickblumenthal,1,twitter,102477372,4833.0,243.0
C001086,chipcravaack,1,twitter,97803194,1481.0,859.0
D000609,driehausforoh,1,twitter,163570193,39.0,6.0
G000566,gowdy4congress,1,twitter,4807137388,9944.0,20.0
H001046,teamheinrich,1,twitter,183062944,4183.0,3332.0
K000362,kingforcongress,1,twitter,194729373,622.0,972.0
M001163,matsui4congress,1,twitter,169331127,1268.0,882.0
M001149,mikehmichaud,1,twitter,19918558,9419.0,759.0
R000307,patroberts,1,twitter,586730005,4473.0,1514.0
R000486,lraforcongress,1,twitter,878301212025782272,37.0,25.0
R000577,timryan,1,twitter,466532637,26593.0,4715.0
S001182,bobbyschilling,1,twitter,45982458,723.0,252.0
S001144,cshays,1,twitter,14872863,2457.0,1253.0
S001165,albiosiresnj,1,twitter,544553624,357.0,49.0
W000798,timwalberg,1,twitter,146099856,1184.0,1088.0
W000795,congjoewilson,1,twitter,15116570,20477.0,2222.0
Y000033,donyoungak,1,twitter,2559398984,1201.0,400.0
B001280,kerryb4congress,1,twitter,634904655,528.0,179.0
C000266,stevechabot,1,twitter,23775782,2317.0,179.0
C001061,vote4cleaver,1,twitter,801478506,696.0,1076.0
C001053,coleforcongress,1,twitter,57438769,74.0,327.0
C000754,coopforcongress,1,twitter,600470774,1757.0,767.0
E000291,ellmers_renee,1,twitter,754402449973182465,262.0,5368.0
F000062,diannefeinstein,1,twitter,378631423,7351.0,543.0
F000450,foxxforcongress,1,twitter,61608485,1902.0,831.0
G000572,petegallego,1,twitter,69066533,6118.0,3574.0
H001050,colleenhanabusa,1,twitter,28479007,5059.0,3159.0
H001032,rushholt,1,twitter,111379452,9178.0,938.0
K000210,petekingcpg,1,twitter,1630397408,281.0,122.0
L000550,marylandrieu,1,twitter,944917346,5144.0,2984.0
L000559,langevinforri,1,twitter,155654527,1006.0,2130.0
M000485,mikemcintyrenc,1,twitter,49693594,634.0,338.0
M000639,bobmenendeznj,1,twitter,407039290,14965.0,3319.0
M001169,chrismurphyct,1,twitter,150078976,925905.0,21581.0
P000096,pascrellfornj,1,twitter,515736574,644.0,235.0
P000449,robportman,1,twitter,2612307559,20277.0,6733.0
R000435,roslehtinencamp,1,twitter,5511752,4373.0,4455.0
R000599,dr_raulruiz,1,twitter,409522947,2448.0,179.0
T000463,miketurneroh,1,twitter,380498919,848.0,423.0
U000038,markudall2014,1,twitter,1287334873,2009.0,942.0
W000804,reelectwittman,1,twitter,46184745,1111.0,734.0
R000409,danarohrabacher,1,twitter,19139963,38936.0,13088.0
C001047,capitoforwv,1,twitter,158890005,5444.0,1430.0
V000130,juanvargas4ca,1,twitter,1036705065745010688,36.0,18.0
L000263,levin4congress,1,twitter,705472141,607.0,102.0
F000462,loisfrankel,1,twitter,349296252,2065.0,881.0
M000087,carolynbmaloney,1,twitter,119250381,18660.0,2925.0
L000174,patrickleahy,1,twitter,4917423588,1132.0,253.0
J000290,lynnforcongress,1,twitter,,,
H000324,alcee4congress,1,twitter,2348492935,214.0,326.0
K000188,kindforcongress,1,twitter,156045092,3726.0,2262.0
C001090,cartwrightpa,1,twitter,472315803,1413.0,852.0
S001198,dansullivan2020,1,twitter,2891132388,,
F000456,flemmingforla,1,twitter,,,
F000456,flemming4congress,1,twitter,,,
M001196,sethmoulton,1,twitter,248495200,146635.0,10830.0
R000602,kathleenrice,1,twitter,82423741,5325.0,1190.0
C000567,thadforms,1,twitter,2285422184,3581.0,1435.0
B000911,corrinebrowncon,1,twitter,3939631775,142.0,106.0
N000002,jerrynadler,1,twitter,408816873,13226.0,1070.0
P000594,paulsen4mn3,1,twitter,,,
P000594,erik_paulsen,1,twitter,89001820,2853.0,1273.0
G000577,garretgraves,1,twitter,587100576,3935.0,1082.0
D000610,teddeutch,1,twitter,65541270,10011.0,1147.0
S001193,ericswalwell,1,twitter,377609596,104538.0,6444.0
L000584,miablove,1,twitter,343171266,109181.0,2349.0
R000585,tomreedcongress,1,twitter,63073834,2737.0,1927.0
F000463,debfischerne,1,twitter,323490669,4821.0,880.0
B000944,sherrodbrown,1,twitter,24768753,68350.0,6047.0
A000360,lamaralexander,1,twitter,21669223,3404.0,765.0
H001075,kamalaharris,1,twitter,30354991,2988437.0,11541.0
G000386,grassleyworks,1,twitter,118740781,1422.0,924.0
C001103,buddy_carter,1,twitter,295712099,5283.0,2583.0
S001195,jasonsmithmo,1,twitter,26653478,11836.0,4068.0
O000171,tomohalleran,1,twitter,2573587962,9875.0,360.0
K000387,teamknight25,1,twitter,1043914380478361600,100.0,114.0
K000380,dankildee,1,twitter,18674498,4877.0,1436.0
L000554,lobiondo2016,1,twitter,,,
T000477,scotttaylorva,1,twitter,42337890,17091.0,8897.0
S001168,johnsarbanes,1,twitter,259364314,3430.0,690.0
S001180,voteschrader,1,twitter,2696825456,465.0,57.0
P000607,markpocan,1,twitter,309070309,13033.0,2311.0
M001201,paulmitchell4us,1,twitter,2432472228,397.0,56.0
H001056,jaimeforusrep,1,twitter,97963837,2180.0,288.0
L000589,debbielesko,1,twitter,34715823,11169.0,5921.0
C001106,ryanacostello,1,twitter,,,
G000359,lindseygrahamsc,1,twitter,432895323,978266.0,9784.0
C001071,corkerfortn,1,twitter,,,
M001156,mchenrycampaign,1,twitter,481437062,737.0,850.0
M001203,malinowski,1,twitter,811239440916054016,27972.0,1937.0
C001035,sensusancollins,1,twitter,13529632,1105.0,335.0
S001205,marygayscanlon,1,twitter,961312723035394048,7346.0,1427.0
C001080,judychucampaign,1,twitter,793208286,476.0,130.0
B001301,jackbergman_mi1,1,twitter,751799352755052544,1042.0,249.0
S001175,jackiespeier,1,twitter,521731529,6729.0,1208.0
B000755,bradyfortexas,1,twitter,570005456,2089.0,1535.0
M001187,teammeadows,1,twitter,368948092,5868.0,1553.0
S001203,tinasmithmn,1,twitter,47724293,72527.0,4995.0
F000468,lizzie4congress,1,twitter,857009033882083329,13503.0,1378.0
S001214,gregsteube,1,twitter,21924842,5919.0,727.0
A000367,teamamash,1,twitter,3359712531,1202.0,315.0
L000593,mikelevinca,1,twitter,14573926,110519.0,8585.0
K000388,kellyforms01,1,twitter,3090076743,323.0,124.0
K000383,angusformaine,1,twitter,516114909,294.0,405.0
S001181,jeanneshaheen,1,twitter,14125897,15713.0,1591.0
Z000017,leezeldin,1,twitter,15874918,13436.0,5696.0
W000812,annlwagner,1,twitter,219010139,4658.0,1640.0
S001213,bryansteilforwi,1,twitter,986423555025002497,1708.0,725.0
E000296,dwightevanspa,1,twitter,4069841354,2229.0,4437.0
P000604,donaldpaynejr,1,twitter,571909015,366.0,35.0
S001217,scottforflorida,1,twitter,306389855,103105.0,4863.0
Y000064,toddyoungin,1,twitter,59969802,8647.0,5930.0
H001038,higgins4wny,1,twitter,57334424,823.0,542.0
V000126,georgevoinovich ,0,twitter,,,
D000388,senchrisdodd,0,twitter,16317406,16830.0,923.0
S000709,senarlenspecter,0,twitter,20078009,8747.0,580.0
S000465,ikeskelton,0,twitter,103922067,1805.0,415.0
K000008,paulkanjorski,0,twitter,155724750,614.0,11.0
A000014,neilabercrombie,0,twitter,10326832,12993.0,7135.0
M001162,melmartinez,0,twitter,19083619,6133.0,42.0
M001178,chrismurphyct,1,twitter,150078976,925905.0,21581.0
O000006,jimoberstar,0,twitter,21690931,4237.0,430.0
B001266,rolandwburris,0,twitter,52397612,688.0,50.0
K000113,repjoekennedy,0,twitter,1055907624,802211.0,5996.0
K000105,sentedkennedy,0,twitter,56109256,252.0,54.0
K000372,repmaryjokilroy ,0,twitter,,,
M001174,repmikemcmahon,0,twitter,49639096,1595.0,256.0
P000583,repronpaul,0,twitter,76966145,152907.0,507.0
T000326,edolphustowns,0,twitter,242808657,61.0,2.0
H000712,timholdenpa17,0,twitter,137887099,378.0,26.0
M001154,repbradmiller,0,twitter,234002627,2209.0,387.0
F000339,barneyfrank,0,twitter,1614054846,22422.0,226.0
A000069,senatorakaka,0,twitter,308721230,3094.0,387.0
M001155,repconniemack,0,twitter,70756980,4431.0,932.0
C001050,repcardoza,0,twitter,107545479,2507.0,170.0
H001062,repkathyhochul,0,twitter,317226055,3140.0,847.0
A000358,reptoddakin,0,twitter,2504632310,0.0,1.0
B000220,repcharlesbass,0,twitter,235289157,2746.0,1590.0
S001155,usrepsullivan,0,twitter,21329888,6770.0,616.0
D000603,repgeoffdavis,0,twitter,239561508,2253.0,2405.0
B000652,leonardboswell,0,twitter,19891734,4046.0,185.0
K000336,repkucinich,0,twitter,85322445,7188.0,607.0
S000822,repcliffstearns,0,twitter,20088666,4793.0,650.0
A000366,repsandyadams,0,twitter,221447516,3575.0,303.0
R000590,reprivera ,0,twitter,,,
A000022,repgaryackerman,0,twitter,92102359,2287.0,281.0
B001234,repjoebaca,0,twitter,40277246,4225.0,622.0
C001082,quicocanseco,0,twitter,2447531750,225.0,53.0
H000206,senatorharkin,0,twitter,115733549,21184.0,2578.0
M001139,repgarymiller,0,twitter,155642785,4544.0,288.0
M001142,repjimmatheson,0,twitter,46016028,7409.0,1175.0
S001186,rep_southerland,0,twitter,237781383,7779.0,672.0
B001242,timbishopny,0,twitter,153919023,5503.0,1492.0
W000672,repwolfpress,0,twitter,237418907,4789.0,350.0
N000187,repmcleod,0,twitter,1027156464,2951.0,415.0
B001265,senatorbegich,0,twitter,83901492,18264.0,2715.0
G000573,repjoegarcia,0,twitter,937801969,2500.0,2226.0
B001279,repronbarber,0,twitter,612117635,3815.0,1911.0
E000292,repbillenyart,0,twitter,1068470480,2155.0,386.0
C000560,repjonrunyan,0,twitter,309267226,5799.0,742.0
R000011,repnickrahall,0,twitter,2329092852,1002.0,294.0
L000123,franklautenberg,0,twitter,135297032,10297.0,1805.0
C001099,senmocowan,0,twitter,1151590614,2504.0,249.0
R000572,repmikerogers,0,twitter,156703580,18848.0,4027.0
R000361,senrockefeller,0,twitter,707596397076475904,,
W000818,senwalshoffice,0,twitter,2362692631,1117.0,180.0
H000636,usrephinojosa,0,twitter,,,
M000404,repjimmcdermott,0,twitter,132201224,14419.0,1886.0
R000589,repscottrigell,0,twitter,221793778,14252.0,4631.0
F000458,repfinchertn08,0,twitter,249219716,9251.0,2960.0
K000360,senatorkirk,0,twitter,211588974,52348.0,6581.0
S001188,repstutzman,0,twitter,211901075,7595.0,1080.0
D000613,repdold,0,twitter,245408102,5728.0,3530.0
M001150,candicemiller,0,twitter,15281676,11011.0,875.0
C000542,sendancoats,0,twitter,212262370,38666.0,5116.0
W000413,repedwhitfield,0,twitter,234906311,8921.0,1066.0
T000473,repmarktakai,0,twitter,2975350155,2965.0,710.0
C001102,repcurtclawson,0,twitter,2730150631,2719.0,1185.0
E000290,repdonnaedwards,0,twitter,82649553,26898.0,6374.0
G000570,repfrankguinta,0,twitter,236960387,4523.0,2171.0
L000571,cynthialummis,0,twitter,22831059,13626.0,1580.0
M000702,senatorbarb,0,twitter,132278386,,
B000711,senatorboxer,0,twitter,15442036,118667.0,2229.0
V000127,davidvitter,0,twitter,19028248,30003.0,8376.0
B001271,congressmandan,0,twitter,242761889,8639.0,567.0
G000564,repchrisgibson,0,twitter,234937222,10590.0,1686.0
F000457,senfranken,0,twitter,171968009,453263.0,3992.0
B001283,repjbridenstine,0,twitter,1092757885,21273.0,1431.0
C000714,repjohnconyers,0,twitter,138770045,45925.0,3384.0
B001273,repdianeblack ,0,twitter,,,
C001105,repcomstock,0,twitter,2933760046,16232.0,3781.0
B000213,repjoebarton,0,twitter,19929362,26502.0,2082.0
W000799,reptimwalz,0,twitter,1262814457,27073.0,3813.0
D000620,repjohndelaney,0,twitter,937723303,19334.0,5553.0
Y000066,repdavidyoung,0,twitter,314205957,13246.0,4770.0
C001077,repmikecoffman,0,twitter,19407835,41221.0,3675.0
D000607,sendonnelly,0,twitter,216503958,108116.0,6140.0
H001059,rephultgren ,0,twitter,,,
P000611,reppoliquin,0,twitter,2932617195,9306.0,1603.0
H001036,rephensarling,0,twitter,18566912,24811.0,1075.0
T000478,reptenney,0,twitter,797201048490430465,5656.0,1695.0
M001181,patmeehanpa,0,twitter,103868633,2030.0,477.0
M001193,reptommacarthur ,0,twitter,,,
N000032,senbillnelson,0,twitter,20597460,340881.0,1573.0
N000127,usrepricknolan,0,twitter,1055685948,12387.0,2915.0
O000170,repbetoorourke,0,twitter,1134292500,253858.0,4129.0
S001154,rep_shuster,0,twitter,898703219991425024,2.0,8.0
R000586,repjimrenacci,0,twitter,236916916,32327.0,4481.0
K000352,senjonkyl,0,twitter,24905240,12564.0,146.0
S001202,senatorstrange,0,twitter,829794295355940866,4582.0,484.0
K000390,repkihuen,0,twitter,816282029276938240,10640.0,3266.0
V000129,repdavidvaladao,0,twitter,1128514404,18720.0,1071.0
G000580,reptomgarrett ,0,twitter,,,
G000289,repgoodlatte,0,twitter,37920978,135773.0,6252.0
S000051,repsanfordsc,0,twitter,1499993378,12541.0,2478.0
F000464,repjohnfaso,0,twitter,815931811348017152,7142.0,986.0
R000592,toddrokita,0,twitter,17544524,21112.0,6225.0
R000604,reprussell,0,twitter,2966758114,10099.0,649.0
H000338,senorinhatch,0,twitter,,,
S000480,louiseslaughter,0,twitter,63169388,23538.0,3411.0
M001210,repgregmurphy,0,twitter,1173978070535024642,13718.0,264.0
B001311,repdanbishop,0,twitter,1176522535531360257,1251.0,299.0
J000255,repwalterjones,0,twitter,26778110,23140.0,2767.0
C001049,lacyclaymo1,0,twitter,584912320,11465.0,23976.0
L000594,senatorloeffler,0,twitter,1200451909406121984,37284.0,505.0
C001108,jamescomer,0,twitter,838462994,14292.0,5935.0
K000395,repfredkeller,0,twitter,1136060761422405633,8455.0,1081.0
K000371,frank,0,twitter,14409825,,
L000304,bilbrayca50,0,twitter,55235265,,
R000170,silvestrereyes,0,twitter,115111016,,
G000544,tx20charlieg,0,twitter,245516606,,
O000169,billowensny,0,twitter,227088228,,
H000067,ralphhallpress,0,twitter,1154894353,,
J000177,reptimjohnson,0,twitter,250710495,,
M000309,repmccarthyny,0,twitter,150724371,,
H001070,rephardy,0,twitter,2964222544,,
D000533,repjohnduncanjr,0,twitter,1883356866,,
L000567,replancenj7,0,twitter,613725908,,
S001170,repsheaporter,0,twitter,126171100,,
P000258,collinpeterson,0,twitter,115676070,5147.0,199.0
